{
  "mm": { "in": 0.0393701, "cm": 0.1 },
  "cm": { "in": 0.393701, "ft": 0.0328084 },
  "m": { "ft": 3.28084, "yd": 1.09361 },
  "km": { "mi": 0.621371 },
  "in": { "cm": 2.54 },
  "inch": { "cm": 2.54 },
  "ft": { "m": 0.3048 },
  "yd": { "m": 0.9144 },
  "mg": { "g": 0.001 },
  "g": { "oz": 0.035274 },
  "grm": { "oz": 0.035274 },
  "kg": { "lb": 2.20462, "oz": 35.274 },
  "oz": { "g": 28.3495 },
  "ounce": { "g": 28.3495 },
  "ounces": { "g": 28.3495 },
  "lb": { "kg": 0.453592 },
  "lbs": { "kg": 0.453592 },
  "pound": { "kg": 0.453592 },
  "pounds": { "kg": 0.453592 },
  "°C": {
    "°F": { "multiplier": 1.8, "offset": 32 },
    "K": { "offset": 273.15 }
  },
  "°F": {
    "°C": { "multiplier": 0.5555555556, "offset": -32 },
    "K": { "formula": "(v - 32) * 5/9 + 273.15" }
  },
  "K": {
    "°C": { "offset": -273.15 },
    "°F": { "formula": "(v - 273.15) * 9/5 + 32" }
  },
  "ml": { "L": 0.001, "fl_oz": 0.033814 },
  "mL": { "L": 0.001, "fl_oz": 0.033814 },
  "l": { "gal": 0.264172, "ml": 1000 },
  "L": { "gal": 0.264172, "ml": 1000 }
}
