{
    "pounds": { "kg": 0.453592, "g": 453.592, "oz": 16 },
    "pound": { "kg": 0.453592, "g": 453.592, "oz": 16 },
    "lbs": { "kg": 0.453592, "g": 453.592, "oz": 16 },
    "lb": { "kg": 0.453592, "g": 453.592, "oz": 16 },
    "ounce": { "g": 28.3495, "kg": 0.02835, "lbs": 0.0625 },
    "ounces": { "g": 28.3495, "kg": 0.02835, "lbs": 0.0625 },
    "oz": { "g": 28.3495, "kg": 0.02835, "lbs": 0.0625 },
    "kg": { "lbs": 2.20462, "g": 1000 },
    "g": { "oz": 0.035274, "kg": 0.001 },
    "inch": { "cm": 2.54, "mm": 25.4 },
    "in": { "cm": 2.54, "mm": 25.4 },
    "cm": { "in": 0.393701 },
    "°C": { "°F": { "formula": "(v * 9/5) + 32" } },
    "degrees C": { "°F": { "formula": "(v * 9/5) + 32" } },
    "°F": { "°C": { "formula": "(v - 32) * 5/9" } },
    "degrees F": { "°C": { "formula": "(v - 32) * 5/9" } }
}
